District,Incumbent,Party,Biden,Trump,Total,Biden%,Trump%
AK-AL,Mary Peltola,(R),"153,778","189,951","357,569",43.0%,53.1%
AL-01,Jerry Carl,(R),"117,136","211,370","331,886",35.3%,63.7%
AL-02,Barry Moore,(R),"107,776","195,953","306,714",35.1%,63.9%
AL-03,Mike Rogers,(R),"109,495","212,012","324,741",33.7%,65.3%
AL-04,Robert Aderholt,(R),"57,133","260,535","320,725",17.8%,81.2%
AL-05,Mo Brooks,(R),"129,812","228,398","364,107",35.7%,62.7%
AL-06,Gary Palmer,(R),"117,582","248,134","370,171",31.8%,67.0%
AL-07,Terri Sewell,(D),"210,689","84,768","297,626",70.8%,28.5%
AR-01,Rick Crawford,(R),"75,898","187,640","271,712",27.9%,69.1%
AR-02,French Hill,(R),"147,552","177,053","333,347",44.3%,53.1%
AR-03,Steve Womack,(R),"118,142","207,781","335,854",35.2%,61.9%
AR-04,Bruce Westerman,(R),"82,340","188,173","278,156",29.6%,67.7%
AZ-01,Tom O'Halleran,(D),"187,182","180,673","373,579",50.1%,48.4%
AZ-02,Ann Kirkpatrick,(D),"213,408","171,803","391,436",54.5%,43.9%
AZ-03,Raúl Grijalva,(D),"174,882","99,539","278,497",62.8%,35.7%
AZ-04,Paul Gosar,(R),"126,024","280,122","411,938",30.6%,68.0%
AZ-05,Andy Biggs,(R),"195,270","262,810","465,598",41.9%,56.4%
AZ-06,David Schweikert,(R),"204,365","222,166","432,328",47.3%,51.4%
AZ-07,Ruben Gallego,(D),"165,129","55,436","224,168",73.7%,24.7%
AZ-08,Debbie Lesko,(R),"181,691","251,443","438,952",41.4%,57.3%
AZ-09,Greg Stanton,(D),"224,192","137,694","368,798",60.8%,37.3%
CA-01,Doug LaMalfa,(R),"148,436","203,557","360,907",41.1%,56.4%
CA-02,Jared Huffman,(D),"294,489","95,658","399,857",73.6%,23.9%
CA-03,John Garamendi,(D),"179,806","139,735","327,612",54.9%,42.7%
CA-04,Tom McClintock,(R),"197,157","240,869","448,596",43.9%,53.7%
CA-05,Mike Thompson,(D),"264,125","92,100","364,567",72.4%,25.3%
CA-06,Doris Matsui,(D),"225,218","87,284","320,576",70.3%,27.2%
CA-07,Ami Bera,(D),"218,137","164,052","391,993",55.6%,41.9%
CA-08,Jay Obernolte,(R),"127,769","158,451","293,165",43.6%,54.0%
CA-09,Jerry McNerney,(D),"180,100","124,102","310,973",57.9%,39.9%
CA-10,Josh Harder,(D),"154,990","146,084","307,948",50.3%,47.4%
CA-11,Mark DeSaulnier,(D),"285,019","90,516","383,481",74.3%,23.6%
CA-12,Nancy Pelosi,(D),"337,517","46,574","392,046",86.1%,11.9%
CA-13,Barbara Lee,(D),"335,474","33,907","377,198",88.9%,9.0%
CA-14,Jackie Speier,(D),"279,708","73,798","360,155",77.7%,20.5%
CA-15,Eric Swalwell,(D),"255,430","94,394","357,230",71.5%,26.4%
CA-16,Jim Costa,(D),"129,458","85,647","220,032",58.8%,38.9%
CA-17,Ro Khanna,(D),"224,903","79,260","310,238",72.5%,25.5%
CA-18,Anna Eshoo,(D),"294,545","82,172","385,683",76.4%,21.3%
CA-19,Zoe Lofgren,(D),"228,232","91,063","325,914",70.0%,27.9%
CA-20,Jimmy Panetta,(D),"226,505","77,969","311,479",72.7%,25.0%
CA-21,David Valadao,(R),"93,560","74,859","172,064",54.4%,43.5%
CA-22,Connie Conway,(R),"146,467","163,584","316,729",46.2%,51.6%
CA-23,Kevin McCarthy,(R),"125,068","176,413","308,922",40.5%,57.1%
CA-24,Salud Carbajal,(D),"221,831","134,810","365,325",60.7%,36.9%
CA-25,Mike Garcia,(R),"188,421","153,161","349,249",54.0%,43.9%
CA-26,Julia Brownley,(D),"216,840","128,914","353,297",61.4%,36.5%
CA-27,Judy Chu,(D),"226,666","104,088","337,460",67.2%,30.8%
CA-28,Adam Schiff,(D),"252,705","97,112","356,476",70.9%,27.2%
CA-29,Tony Cárdenas,(D),"186,796","59,671","252,103",74.1%,23.7%
CA-30,Brad Sherman,(D),"258,910","110,935","376,861",68.7%,29.4%
CA-31,Pete Aguilar,(D),"174,178","115,221","296,238",58.8%,38.9%
CA-32,Grace Napolitano,(D),"184,978","93,155","283,909",65.2%,32.8%
CA-33,Ted Lieu,(D),"285,906","120,287","414,262",69.0%,29.0%
CA-34,Jimmy Gomez,(D),"193,874","40,552","239,944",80.8%,16.9%
CA-35,Norma Torres,(D),"166,339","83,352","255,345",65.1%,32.6%
CA-36,Raul Ruiz,(D),"173,573","131,304","310,310",55.9%,42.3%
CA-37,Karen Bass,(D),"275,573","45,202","326,798",84.3%,13.8%
CA-38,Linda Sánchez,(D),"207,000","101,867","315,673",65.6%,32.3%
CA-39,Young Kim,(R),"190,090","154,439","351,332",54.1%,44.0%
CA-40,Lucille Roybal-Allard,(D),"156,662","41,875","203,218",77.1%,20.6%
CA-41,Mark Takano,(D),"164,574","96,428","266,807",61.7%,36.1%
CA-42,Ken Calvert,(R),"170,481","198,259","375,949",45.3%,52.7%
CA-43,Maxine Waters,(D),"224,694","61,138","292,083",76.9%,20.9%
CA-44,Nanette Barragán,(D),"188,767","46,174","240,722",78.4%,19.2%
CA-45,Katie Porter,(D),"228,624","181,306","418,564",54.6%,43.3%
CA-46,Lou Correa,(D),"150,186","78,247","233,507",64.3%,33.5%
CA-47,Alan Lowenthal,(D),"203,636","115,161","326,086",62.4%,35.3%
CA-48,Michelle Steel,(R),"199,791","193,832","401,759",49.7%,48.2%
CA-49,Mike Levin,(D),"217,061","167,049","393,013",55.2%,42.5%
CA-50,Darrell Issa,(R),"166,841","195,430","370,789",45.0%,52.7%
CA-51,Juan Vargas,(D),"166,351","76,843","248,810",66.9%,30.9%
CA-52,Scott Peters,(D),"257,923","139,172","406,904",63.4%,34.2%
CA-53,Sara Jacobs,(D),"258,866","119,398","386,642",67.0%,30.9%
CO-01,Diana DeGette,(D),"357,849","104,539","473,503",75.6%,22.1%
CO-02,Joe Neguse,(D),"338,261","178,561","530,867",63.7%,33.6%
CO-03,Lauren Boebert,(R),"200,886","224,996","436,221",46.1%,51.6%
CO-04,Ken Buck,(R),"198,971","276,309","487,928",40.8%,56.6%
CO-05,Doug Lamborn,(R),"184,301","241,369","441,370",41.8%,54.7%
CO-06,Jason Crow,(D),"260,642","175,729","447,756",58.2%,39.2%
CO-07,Ed Perlmutter,(D),"263,442","163,104","439,307",60.0%,37.1%
CT-01,John Larson,(D),"229,220","127,803","362,392",63.3%,35.3%
CT-02,Joe Courtney,(D),"205,779","164,461","377,818",54.5%,43.5%
CT-03,Rosa DeLauro,(D),"212,317","137,580","354,399",59.9%,38.8%
CT-04,Jim Himes,(D),"237,245","127,566","369,791",64.2%,34.5%
CT-05,Jahana Hayes,(D),"196,119","157,881","359,336",54.6%,43.9%
DE-AL,Lisa Blunt Rochester,(D),"296,268","200,603","504,010",58.8%,39.8%
FL-01,Matt Gaetz,(R),"143,654","292,019","443,097",32.4%,65.9%
FL-02,Neal Dunn,(R),"125,746","263,499","393,088",32.0%,67.0%
FL-03,Kat Cammack,(R),"170,433","223,087","398,282",42.8%,56.0%
FL-04,John Rutherford,(R),"198,414","305,935","510,715",38.9%,59.9%
FL-05,Al Lawson,(D),"214,891","123,978","342,746",62.7%,36.2%
FL-06,Michael Waltz,(R),"184,607","263,644","452,468",40.8%,58.3%
FL-07,Stephanie Murphy,(D),"226,505","183,414","414,920",54.6%,44.2%
FL-08,Bill Posey,(R),"189,808","272,109","467,055",40.6%,58.3%
FL-09,Darren Soto,(D),"232,318","201,924","438,440",53.0%,46.1%
FL-10,Val Demings,(D),"236,868","141,377","381,930",62.0%,37.0%
FL-11,Daniel Webster,(R),"164,285","318,054","485,989",33.8%,65.4%
FL-12,Gus Bilirakis,(R),"188,631","266,291","459,697",41.0%,57.9%
FL-13,[VACANT],(D),"211,530","194,721","410,780",51.5%,47.4%
FL-14,Kathy Castor,(D),"217,176","158,027","379,538",57.2%,41.6%
FL-15,Scott Franklin,(R),"179,793","213,736","398,200",45.2%,53.7%
FL-16,Vern Buchanan,(R),"223,366","262,840","490,589",45.5%,53.6%
FL-17,Greg Steube,(R),"151,888","267,579","422,675",35.9%,63.3%
FL-18,Brian Mast,(R),"206,388","244,705","454,097",45.5%,53.9%
FL-19,Byron Donalds,(R),"180,723","272,764","456,659",39.6%,59.7%
FL-20,Sheila Cherfilus-McCormick,(D),"254,644","72,814","329,313",77.3%,22.1%
FL-21,Lois Frankel,(D),"239,322","169,556","411,406",58.2%,41.2%
FL-22,[VACANT],(D),"236,393","174,889","413,647",57.1%,42.3%
FL-23,Debbie Wasserman Schultz,(D),"227,941","161,030","391,205",58.3%,41.2%
FL-24,Frederica Wilson,(D),"225,289","71,621","298,628",75.4%,24.0%
FL-25,Mario Díaz-Balart,(R),"123,435","197,678","322,843",38.2%,61.2%
FL-26,Carlos Giménez,(R),"164,356","184,019","350,423",46.9%,52.5%
FL-27,Maria Elvira Salazar,(R),"178,643","167,420","347,972",51.3%,48.1%
GA-01,Buddy Carter,(R),"143,567","184,846","332,905",43.1%,55.5%
GA-02,Sanford Bishop,(D),"154,980","120,719","278,056",55.7%,43.4%
GA-03,Drew Ferguson,(R),"140,226","235,998","380,895",36.8%,62.0%
GA-04,Hank Johnson,(D),"281,735","72,392","357,719",78.8%,20.2%
GA-05,Nikema Williams,(D),"313,058","45,921","363,156",86.2%,12.6%
GA-06,Lucy McBath,(D),"219,611","175,110","400,936",54.8%,43.7%
GA-07,Carolyn Bourdeaux,(D),"199,144","175,210","379,758",52.4%,46.1%
GA-08,Austin Scott,(R),"116,914","195,867","316,121",37.0%,62.0%
GA-09,Andrew Clyde,(R),"85,481","291,992","382,279",22.4%,76.4%
GA-10,Jody Hice,(R),"151,656","230,789","387,273",39.2%,59.6%
GA-11,Barry Loudermilk,(R),"171,653","234,930","413,230",41.5%,56.9%
GA-12,Rick Allen,(R),"136,638","177,142","317,584",43.0%,55.8%
GA-13,David Scott,(D),"277,999","85,930","367,810",75.6%,23.4%
GA-14,Marjorie Greene,(R),"80,973","235,008","319,995",25.3%,73.4%
HI-01,Ed Case,(D),"179,337","96,924","280,956",63.8%,34.5%
HI-02,Kai Kahele,(D),"186,793","99,940","293,513",63.6%,34.0%
IA-01,Ashley Hinson,(R),"199,259","213,601","420,577",47.4%,50.8%
IA-02,Mariannette Miller-Meeks,(R),"193,437","209,858","410,665",47.1%,51.1%
IA-03,Cindy Axne,(D),"224,159","224,726","457,240",49.0%,49.1%
IA-04,Randy Feenstra,(R),"142,206","249,487","398,052",35.7%,62.7%
ID-01,Russ Fulcher,(R),"140,452","313,559","467,141",30.1%,67.1%
ID-02,Mike Simpson,(R),"146,569","240,560","400,220",36.6%,60.1%
IL-01,Bobby Rush,(D),"246,996","82,547","334,163",73.9%,24.7%
IL-02,Robin Kelly,(D),"236,646","64,866","305,536",77.5%,21.2%
IL-03,Marie Newman,(D),"175,910","135,879","316,987",55.5%,42.9%
IL-04,Chuy Garcia,(D),"184,635","39,582","228,702",80.7%,17.3%
IL-05,Mike Quigley,(D),"267,640","96,630","371,134",72.1%,26.0%
IL-06,Sean Casten,(D),"226,804","174,833","410,398",55.3%,42.6%
IL-07,Danny Davis,(D),"274,302","38,441","317,704",86.3%,12.1%
IL-08,Raja Krishnamoorthi,(D),"171,850","113,157","290,456",59.2%,39.0%
IL-09,Jan Schakowsky,(D),"269,573","104,091","379,942",71.0%,27.4%
IL-10,Brad Schneider,(D),"207,380","109,734","322,791",64.2%,34.0%
IL-11,Bill Foster,(D),"195,556","114,240","316,000",61.9%,36.2%
IL-12,Mike Bost,(R),"137,911","184,811","329,203",41.9%,56.1%
IL-13,Rodney Davis,(R),"158,853","170,549","337,716",47.0%,50.5%
IL-14,Lauren Underwood,(D),"203,738","193,886","406,028",50.2%,47.8%
IL-15,Mary Miller,(R),"88,678","246,921","341,922",25.9%,72.2%
IL-16,Adam Kinzinger,(R),"140,938","196,244","344,643",40.9%,56.9%
IL-17,Cheri Bustos,(D),"145,977","150,775","303,222",48.1%,49.7%
IL-18,Darin LaHood,(R),"138,526","229,704","376,890",36.8%,60.9%
IN-01,Frank Mrvan,(D),"177,630","148,554","331,492",53.6%,44.8%
IN-02,[VACANT],(R),"116,794","178,385","300,581",38.9%,59.3%
IN-03,Jim Banks,(R),"112,346","211,169","330,719",34.0%,63.9%
IN-04,Jim Baird,(R),"117,232","220,013","345,009",34.0%,63.8%
IN-05,Victoria Spartz,(R),"200,376","209,669","418,387",47.9%,50.1%
IN-06,Greg Pence,(R),"96,502","228,217","331,541",29.1%,68.8%
IN-07,André Carson,(D),"177,925","99,811","283,006",62.9%,35.3%
IN-08,Larry Bucshon,(R),"108,025","212,185","326,153",33.1%,65.1%
IN-09,Trey Hollingsworth,(R),"135,586","221,516","364,279",37.2%,60.8%
KS-01,Tracey Mann,(R),"83,890","207,727","298,130",28.1%,69.7%
KS-02,Jake LaTurner,(R),"140,303","191,030","339,357",41.3%,56.3%
KS-03,Sharice Davids,(D),"223,114","179,583","411,239",54.3%,43.7%
KS-04,Ron Estes,(R),"123,016","193,066","323,577",38.0%,59.7%
KY-01,James Comer,(R),"85,228","244,122","334,095",25.5%,73.1%
KY-02,Brett Guthrie,(R),"111,859","246,865","365,139",30.6%,67.6%
KY-03,John Yarmuth,(D),"221,843","141,027","369,797",60.0%,38.1%
KY-04,Thomas Massie,(R),"129,335","250,481","386,856",33.4%,64.7%
KY-05,Hal Rogers,(R),"56,153","241,712","301,591",18.6%,80.1%
KY-06,Andy Barr,(R),"168,056","202,439","377,958",44.5%,53.6%
LA-01,Steve Scalise,(R),"118,270","266,928","392,488",30.1%,68.0%
LA-02,Troy Carter,(D),"260,587","79,570","345,901",75.3%,23.0%
LA-03,Clay Higgins,(R),"107,448","242,738","356,316",30.2%,68.1%
LA-04,Mike Johnson,(R),"121,500","201,823","328,304",37.0%,61.5%
LA-05,Julia Letlow,(R),"113,682","215,064","333,589",34.1%,64.5%
LA-06,Garret Graves,(R),"134,547","249,652","391,463",34.4%,63.8%
MA-01,Richard Neal,(D),"224,939","135,655","367,953",61.1%,36.9%
MA-02,Jim McGovern,(D),"240,547","140,377","389,490",61.8%,36.0%
MA-03,Lori Trahan,(D),"243,303","132,757","383,965",63.4%,34.6%
MA-04,Jake Auchincloss,(D),"276,820","144,654","429,320",64.5%,33.7%
MA-05,Katherine Clark,(D),"304,072","97,562","408,381",74.5%,23.9%
MA-06,Seth Moulton,(D),"279,782","159,252","446,903",62.6%,35.6%
MA-07,Ayanna Pressley,(D),"276,091","43,074","323,587",85.3%,13.3%
MA-08,Stephen Lynch,(D),"283,426","137,738","428,337",66.2%,32.2%
MA-09,Bill Keating,(D),"253,222","176,133","437,139",57.9%,40.3%
MD-01,Andy Harris,(R),"157,430","236,906","402,745",39.1%,58.8%
MD-02,Dutch Ruppersberger,(D),"225,433","110,901","342,575",65.8%,32.4%
MD-03,John Sarbanes,(D),"263,027","112,328","382,649",68.7%,29.4%
MD-04,Anthony Brown,(D),"286,724","69,533","362,454",79.1%,19.2%
MD-05,Steny Hoyer,(D),"276,896","119,771","403,689",68.6%,29.7%
MD-06,David Trone,(D),"227,214","140,735","375,037",60.6%,37.5%
MD-07,Kweisi Mfume,(D),"261,237","66,703","333,295",78.4%,20.0%
MD-08,Jamie Raskin,(D),"287,062","119,537","414,164",69.3%,28.9%
ME-01,Chellie Pingree,(D),"266,376","164,045","443,067",60.1%,37.0%
ME-02,Jared Golden,(D),"168,696","196,692","376,307",44.8%,52.3%
MI-01,Jack Bergman,(R),"171,402","244,455","422,411",40.6%,57.9%
MI-02,Bill Huizenga,(R),"177,044","225,408","409,870",43.2%,55.0%
MI-03,Peter Meijer,(R),"194,575","207,762","410,219",47.4%,50.6%
MI-04,John Moolenaar,(R),"141,708","234,124","382,259",37.1%,61.2%
MI-05,Dan Kildee,(D),"189,227","173,212","367,855",51.4%,47.1%
MI-06,Fred Upton,(R),"180,142","197,508","384,755",46.8%,51.3%
MI-07,Tim Walberg,(R),"163,293","224,274","394,301",41.4%,56.9%
MI-08,Elissa Slotkin,(D),"212,085","215,649","434,738",48.8%,49.6%
MI-09,Andy Levin,(D),"229,258","175,081","410,103",55.9%,42.7%
MI-10,Lisa McClain,(R),"146,887","273,877","426,468",34.4%,64.2%
MI-11,Haley Stevens,(D),"237,696","216,799","460,743",51.6%,47.1%
MI-12,Debbie Dingell,(D),"251,770","134,892","392,079",64.2%,34.4%
MI-13,Rashida Tlaib,(D),"229,535","58,162","291,132",78.8%,20.0%
MI-14,Brenda Lawrence,(D),"276,847","68,031","348,045",79.5%,19.5%
MN-01,Brad Finstad,(R),"164,139","202,121","374,203",43.9%,54.0%
MN-02,Angie Craig,(D),"226,589","197,005","432,792",52.4%,45.5%
MN-03,Dean Phillips,(D),"265,552","178,221","452,512",58.7%,39.4%
MN-04,Betty McCollum,(D),"273,197","123,295","404,458",67.5%,30.5%
MN-05,Ilhan Omar,(D),"328,766","72,323","409,330",80.3%,17.7%
MN-06,Tom Emmer,(R),"165,370","251,056","425,737",38.8%,59.0%
MN-07,Michelle Fischbach,(R),"126,528","234,753","368,161",34.4%,63.8%
MN-08,Pete Stauber,(R),"166,936","225,291","400,013",41.7%,56.3%
MO-01,Cori Bush,(D),"257,909","58,280","321,328",80.3%,18.1%
MO-02,Ann Wagner,(R),"222,349","222,464","452,325",49.2%,49.2%
MO-03,Blaine Luetkemeyer,(R),"130,857","279,373","417,914",31.3%,66.8%
MO-04,Vicky Hartzler,(R),"117,975","243,844","369,447",31.9%,66.0%
MO-05,Emanuel Cleaver,(D),"208,696","141,661","357,416",58.4%,39.6%
MO-06,Sam Graves,(R),"137,268","248,374","392,499",35.0%,63.3%
MO-07,Billy Long,(R),"105,855","263,623","376,465",28.1%,70.0%
MO-08,Jason Smith,(R),"72,104","261,118","337,764",21.3%,77.3%
MS-01,Trent Kelly,(R),"115,883","222,359","343,231",33.8%,64.8%
MS-02,Bennie Thompson,(D),"191,329","105,700","300,527",63.7%,35.2%
MS-03,Michael Guest,(R),"135,455","210,649","350,527",38.6%,60.1%
MS-04,Steven Palazzo,(R),"96,731","218,056","319,474",30.3%,68.3%
MT-AL,Matt Rosendale,(R),"244,786","343,602","603,640",40.6%,56.9%
NC-01,G.K. Butterfield,(D),"190,053","159,622","352,657",53.9%,45.3%
NC-02,Deborah Ross,(D),"323,249","171,017","502,490",64.3%,34.0%
NC-03,Greg Murphy,(R),"140,561","226,991","372,685",37.7%,60.9%
NC-04,David Price,(D),"332,604","160,810","499,753",66.6%,32.2%
NC-05,Virginia Foxx,(R),"124,653","265,676","394,438",31.6%,67.4%
NC-06,Kathy Manning,(D),"257,257","155,401","417,805",61.6%,37.2%
NC-07,David Rouzer,(R),"187,839","267,880","461,296",40.7%,58.1%
NC-08,Richard Hudson,(R),"177,877","202,789","385,986",46.1%,52.5%
NC-09,Dan Bishop,(R),"187,002","219,264","410,978",45.5%,53.4%
NC-10,Patrick McHenry,(R),"131,228","284,457","420,394",31.2%,67.7%
NC-11,Madison Cawthorn,(R),"196,934","251,903","454,792",43.3%,55.4%
NC-12,Alma Adams,(D),"308,124","125,328","439,717",70.1%,28.5%
NC-13,Ted Budd,(R),"126,861","267,639","399,010",31.8%,67.1%
ND-AL,Kelly Armstrong,(R),"114,902","235,595","359,890",31.9%,65.5%
NE-01,Mike Flood,(R),"132,261","180,290","320,046",41.3%,56.3%
NE-02,Don Bacon,(R),"176,468","154,377","337,754",52.2%,45.7%
NE-03,Adrian Smith,(R),"65,854","222,179","293,912",22.4%,75.6%
NH-01,Chris Pappas,(D),"213,662","188,999","409,239",52.2%,46.2%
NH-02,Annie Kuster,(D),"211,275","176,661","394,594",53.5%,44.8%
NJ-01,Donald Norcross,(D),"242,214","142,822","390,213",62.1%,36.6%
NJ-02,Jeff Van Drew,(R),"183,250","194,366","382,685",47.9%,50.8%
NJ-03,Andy Kim,(D),"217,222","218,016","441,362",49.2%,49.4%
NJ-04,Chris Smith,(R),"191,273","236,896","433,563",44.1%,54.6%
NJ-05,Josh Gottheimer,(D),"224,937","202,419","433,296",51.9%,46.7%
NJ-06,Frank Pallone,(D),"191,464","138,919","334,578",57.2%,41.5%
NJ-07,Tom Malinowski,(D),"239,105","195,248","441,160",54.2%,44.3%
NJ-08,Albio Sires,(D),"182,963","69,207","254,802",71.8%,27.2%
NJ-09,Bill Pascrell,(D),"200,019","118,376","321,623",62.2%,36.8%
NJ-10,Donald Payne,(D),"254,725","45,311","302,548",84.2%,15.0%
NJ-11,Mikie Sherrill,(D),"237,986","208,017","451,995",52.7%,46.0%
NJ-12,Bonnie Watson Coleman,(D),"243,177","113,677","361,527",67.3%,31.4%
NM-01,Melanie Stansbury,(D),"197,294","122,685","327,717",60.2%,37.4%
NM-02,Yvette Herrell,(R),"116,535","148,608","270,577",43.1%,54.9%
NM-03,Teresa Leger Fernandez,(D),"187,785","130,600","325,671",57.7%,40.1%
NV-01,Dina Titus,(D),"143,424","84,976","233,349",61.5%,36.4%
NV-02,Mark Amodei,(R),"171,024","210,255","392,617",43.6%,53.6%
NV-03,Susie Lee,(D),"214,181","213,302","435,797",49.1%,48.9%
NV-04,Steven Horsford,(D),"174,857","161,358","343,613",50.9%,47.0%
NY-01,Lee Zeldin,(R),"182,793","198,826","386,329",47.3%,51.5%
NY-02,Andrew Garbarino,(R),"168,779","183,204","356,124",47.4%,51.4%
NY-03,Tom Suozzi,(D),"216,247","175,089","395,436",54.7%,44.3%
NY-04,Kathleen Rice,(D),"211,700","165,073","380,697",55.6%,43.4%
NY-05,Gregory Meeks,(D),"229,459","44,495","275,508",83.3%,16.2%
NY-06,Grace Meng,(D),"152,725","92,371","247,255",61.8%,37.4%
NY-07,Nydia Velázquez,(D),"190,811","40,366","233,221",81.8%,17.3%
NY-08,Hakeem Jeffries,(D),"234,960","46,711","283,554",82.9%,16.5%
NY-09,Yvette Clarke,(D),"232,347","50,873","285,350",81.4%,17.8%
NY-10,Jerry Nadler,(D),"218,141","65,611","286,527",76.1%,22.9%
NY-11,Nicole Malliotakis,(R),"132,366","163,857","298,863",44.3%,54.8%
NY-12,Carolyn Maloney,(D),"280,012","49,337","332,820",84.1%,14.8%
NY-13,Adriano Espaillat,(D),"233,234","29,526","264,872",88.1%,11.1%
NY-14,Alexandria Ocasio-Cortez,(D),"161,973","57,174","220,982",73.3%,25.9%
NY-15,Ritchie Torres,(D),"171,328","25,855","198,198",86.4%,13.0%
NY-16,Jamaal Bowman,(D),"232,782","73,665","309,170",75.3%,23.8%
NY-17,Mondaire Jones,(D),"212,254","140,322","356,203",59.6%,39.4%
NY-18,Sean Patrick Maloney,(D),"184,181","166,448","355,716",51.8%,46.8%
NY-19,Antonio Delgado,(D),"182,965","177,569","367,482",49.8%,48.3%
NY-20,Paul Tonko,(D),"217,340","141,619","366,382",59.3%,38.7%
NY-21,Elise Stefanik,(R),"141,679","175,345","323,276",43.8%,54.2%
NY-22,Claudia Tenney,(R),"139,998","177,147","323,896",43.2%,54.7%
NY-23,Tom Reed,(R),"139,037","175,243","321,276",43.3%,54.5%
NY-24,John Katko,(R),"186,983","155,222","349,961",53.4%,44.4%
NY-25,Joe Morelle,(D),"218,504","137,342","363,605",60.1%,37.8%
NY-26,Brian Higgins,(D),"209,957","119,410","335,256",62.6%,35.6%
NY-27,Chris Jacobs,(R),"162,337","224,305","394,811",41.1%,56.8%
OH-01,Steve Chabot,(R),"185,947","198,433","390,226",47.7%,50.9%
OH-02,Brad Wenstrup,(R),"165,593","214,600","385,916",42.9%,55.6%
OH-03,Joyce Beatty,(D),"231,278","93,890","330,494",70.0%,28.4%
OH-04,Jim Jordan,(R),"110,336","237,144","353,273",31.2%,67.1%
OH-05,Bob Latta,(R),"141,528","237,762","385,874",36.7%,61.6%
OH-06,Bill Johnson,(R),"91,296","248,554","344,239",26.5%,72.2%
OH-07,Bob Gibbs,(R),"120,706","237,313","363,357",33.2%,65.3%
OH-08,Warren Davidson,(R),"119,846","243,068","368,357",32.5%,66.0%
OH-09,Marcy Kaptur,(D),"184,337","124,569","313,540",58.8%,39.7%
OH-10,Mike Turner,(R),"172,471","188,673","367,302",47.0%,51.4%
OH-11,Shontel Brown,(D),"252,725","60,902","316,805",79.8%,19.2%
OH-12,Troy Balderson,(R),"206,386","232,901","446,172",46.3%,52.2%
OH-13,Tim Ryan,(D),"171,245","159,938","335,896",51.0%,47.6%
OH-14,David Joyce,(R),"185,689","222,983","413,841",44.9%,53.9%
OH-15,Mike Carey,(R),"166,098","221,898","393,949",42.2%,56.3%
OH-16,Anthony Gonzalez,(R),"173,685","232,207","411,139",42.2%,56.5%
OK-01,Kevin Hern,(R),"125,905","202,879","337,495",37.3%,60.1%
OK-02,Markwayne Mullin,(R),"64,353","221,123","290,575",22.1%,76.1%
OK-03,Frank Lucas,(R),"72,141","232,416","311,625",23.1%,74.6%
OK-04,Tom Cole,(R),"101,120","207,214","315,917",32.0%,65.6%
OK-05,Stephanie Bice,(R),"140,371","156,648","305,087",46.0%,51.3%
OR-01,Suzanne Bonamici,(D),"298,753","160,808","472,277",63.3%,34.0%
OR-02,Cliff Bentz,(R),"197,922","261,602","470,391",42.1%,55.6%
OR-03,Earl Blumenauer,(D),"356,659","112,556","479,782",74.3%,23.5%
OR-04,Peter DeFazio,(D),"238,619","219,851","470,962",50.7%,46.7%
OR-05,Kurt Schrader,(D),"248,430","203,631","463,820",53.6%,43.9%
PA-01,Brian Fitzpatrick,(R),"233,446","207,433","445,566",52.4%,46.6%
PA-02,Brendan Boyle,(D),"207,491","86,128","295,805",70.1%,29.1%
PA-03,Dwight Evans,(D),"357,956","31,769","392,103",91.3%,8.1%
PA-04,Madeleine Dean,(D),"276,491","168,191","449,359",61.5%,37.4%
PA-05,Mary Gay Scanlon,(D),"263,644","137,678","404,738",65.1%,34.0%
PA-06,Chrissy Houlahan,(D),"232,017","170,600","407,525",56.9%,41.9%
PA-07,Susan Wild,(D),"199,283","180,774","384,606",51.8%,47.0%
PA-08,Matt Cartwright,(D),"168,613","184,363","356,564",47.3%,51.7%
PA-09,Dan Meuser,(R),"122,523","232,115","359,619",34.1%,64.5%
PA-10,Scott Perry,(R),"189,803","201,367","396,974",47.8%,50.7%
PA-11,Lloyd Smucker,(R),"148,521","233,074","387,414",38.3%,60.2%
PA-12,Fred Keller,(R),"107,798","232,392","345,181",31.2%,67.3%
PA-13,John Joyce,(R),"100,543","264,266","369,191",27.2%,71.6%
PA-14,Guy Reschenthaler,(R),"135,824","240,206","380,075",35.7%,63.2%
PA-15,Glenn Thompson,(R),"96,863","250,545","351,941",27.5%,71.2%
PA-16,Mike Kelly,(R),"145,265","213,031","363,010",40.0%,58.7%
PA-17,Conor Lamb,(D),"221,505","209,637","436,600",50.7%,48.0%
PA-18,Mike Doyle,(D),"252,860","134,833","392,002",64.5%,34.4%
RI-01,David Cicilline,(D),"154,430","83,607","241,561",63.9%,34.6%
RI-02,Jim Langevin,(D),"153,056","116,315","273,437",56.0%,42.5%
SC-01,Nancy Mace,(R),"197,288","222,708","427,594",46.1%,52.1%
SC-02,Joe Wilson,(R),"158,948","200,210","364,935",43.6%,54.9%
SC-03,Jeff Duncan,(R),"102,331","228,058","335,118",30.5%,68.1%
SC-04,William Timmons,(R),"140,939","215,237","362,743",38.9%,59.3%
SC-05,Ralph Norman,(R),"150,853","211,989","367,759",41.0%,57.6%
SC-06,Jim Clyburn,(D),"194,414","92,192","290,095",67.0%,31.8%
SC-07,Tom Rice,(R),"146,768","214,709","365,085",40.2%,58.8%
SD-AL,Dusty Johnson,(R),"150,471","261,043","422,609",35.6%,61.8%
TN-01,Diana Harshbarger,(R),"70,463","242,686","318,556",22.1%,76.2%
TN-02,Tim Burchett,(R),"124,229","228,990","360,121",34.5%,63.6%
TN-03,Chuck Fleischmann,(R),"110,460","219,247","335,599",32.9%,65.3%
TN-04,Scott DesJarlais,(R),"108,734","239,401","354,562",30.7%,67.5%
TN-05,Jim Cooper,(D),"210,086","127,953","348,420",60.3%,36.7%
TN-06,John Rose,(R),"96,446","273,924","376,800",25.6%,72.7%
TN-07,Mark Green,(R),"115,166","245,882","367,606",31.3%,66.9%
TN-08,David Kustoff,(R),"114,528","225,471","344,842",33.2%,65.4%
TN-09,Steve Cohen,(D),"193,598","48,921","246,484",78.5%,19.8%
TX-01,Louie Gohmert,(R),"83,229","218,700","305,555",27.2%,71.6%
TX-02,Dan Crenshaw,(R),"170,430","174,980","350,446",48.6%,49.9%
TX-03,Van Taylor,(R),"209,859","214,359","430,583",48.7%,49.8%
TX-04,Pat Fallon,(R),"84,680","258,470","347,229",24.4%,74.4%
TX-05,Lance Gooden,(R),"107,494","172,395","283,292",37.9%,60.9%
TX-06,Jake Ellzey,(R),"164,746","175,101","344,549",47.8%,50.8%
TX-07,Lizzie Fletcher,(D),"170,060","143,176","317,555",53.6%,45.1%
TX-08,Kevin Brady,(R),"109,291","274,224","388,622",28.1%,70.6%
TX-09,Al Green,(D),"178,908","54,944","236,216",75.7%,23.3%
TX-10,Michael McCaul,(R),"203,975","210,770","421,154",48.4%,50.0%
TX-11,August Pfluger,(R),"58,592","235,697","297,883",19.7%,79.1%
TX-12,Kay Granger,(R),"140,683","224,490","371,220",37.9%,60.5%
TX-13,Ronny Jackson,(R),"54,002","219,888","277,737",19.4%,79.2%
TX-14,Randy Weber,(R),"124,630","185,961","314,976",39.6%,59.0%
TX-15,Vicente González,(D),"119,784","115,315","237,674",50.4%,48.5%
TX-16,Veronica Escobar,(D),"160,809","77,473","242,067",66.4%,32.0%
TX-17,Pete Sessions,(R),"137,632","172,342","315,612",43.6%,54.6%
TX-18,Sheila Jackson Lee,(D),"189,823","57,669","250,836",75.7%,23.0%
TX-19,Jodey Arrington,(R),"71,237","195,515","270,656",26.3%,72.2%
TX-20,Joaquin Castro,(D),"177,058","96,537","277,918",63.7%,34.7%
TX-21,Chip Roy,(R),"220,567","232,945","460,677",47.9%,50.6%
TX-22,Troy Nehls,(R),"206,114","210,011","421,488",48.9%,49.8%
TX-23,Tony Gonzales,(R),"146,559","151,964","302,412",48.5%,50.3%
TX-24,Beth Van Duyne,(R),"180,609","161,671","347,697",51.9%,46.5%
TX-25,Roger Williams,(R),"177,852","216,265","400,230",44.4%,54.0%
TX-26,Michael Burgess,(R),"185,956","248,196","441,183",42.1%,56.3%
TX-27,Michael Cloud,(R),"104,511","170,800","278,915",37.5%,61.2%
TX-28,Henry Cuellar,(D),"125,755","115,160","243,744",51.6%,47.2%
TX-29,Sylvia Garcia,(D),"106,229","52,937","161,080",65.9%,32.9%
TX-30,Eddie Bernice Johnson,(D),"212,373","50,270","266,014",79.8%,18.9%
TX-31,John Carter,(R),"192,599","204,096","404,642",47.6%,50.4%
TX-32,Colin Allred,(D),"187,919","151,944","345,210",54.4%,44.0%
TX-33,Marc Veasey,(D),"117,340","41,209","160,757",73.0%,25.6%
TX-34,Mayra Flores,(D),"106,771","98,462","207,201",51.5%,47.5%
TX-35,Lloyd Doggett,(D),"188,169","84,811","277,929",67.7%,30.5%
TX-36,Brian Babin,(R),"82,881","221,600","308,153",26.9%,71.9%
UT-01,Blake Moore,(R),"113,343","230,314","358,818",31.6%,64.2%
UT-02,Chris Stewart,(R),"148,890","207,667","370,162",40.2%,56.1%
UT-03,John Curtis,(R),"131,845","225,830","374,671",35.2%,60.3%
UT-04,Burgess Owens,(R),"166,204","201,329","384,026",43.3%,52.4%
VA-01,Rob Wittman,(R),"213,535","233,398","453,853",47.0%,51.4%
VA-02,Elaine Luria,(D),"186,427","169,365","362,346",51.4%,46.7%
VA-03,Bobby Scott,(D),"233,646","108,728","347,932",67.2%,31.2%
VA-04,Donald McEachin,(D),"246,583","146,900","398,796",61.8%,36.8%
VA-05,Bob Good,(R),"183,175","217,535","405,973",45.1%,53.6%
VA-06,Ben Cline,(R),"149,254","231,248","386,961",38.6%,59.8%
VA-07,Abigail Spanberger,(D),"228,335","223,268","458,367",49.8%,48.7%
VA-08,Don Beyer,(D),"311,470","84,711","401,441",77.6%,21.1%
VA-09,Morgan Griffith,(R),"98,653","244,996","347,822",28.4%,70.4%
VA-10,Jennifer Wexton,(D),"281,817","189,376","478,159",58.9%,39.6%
VA-11,Gerry Connolly,(D),"280,673","112,905","399,109",70.3%,28.3%
VT-AL,Peter Welch,(D),"242,820","112,704","365,486",66.4%,30.8%
WA-01,Suzan DelBene,(D),"257,631","166,460","435,779",59.1%,38.2%
WA-02,Rick Larsen,(D),"257,291","145,138","414,020",62.1%,35.1%
WA-03,Jaime Herrera Beutler,(R),"198,429","214,391","423,462",46.9%,50.6%
WA-04,Dan Newhouse,(R),"122,691","179,022","309,502",39.6%,57.8%
WA-05,Cathy McMorris Rodgers,(R),"178,895","215,706","406,614",44.0%,53.0%
WA-06,Derek Kilmer,(D),"244,141","168,250","425,315",57.4%,39.6%
WA-07,Pramila Jayapal,(D),"410,067","58,832","478,306",85.7%,12.3%
WA-08,Kim Schrier,(D),"218,274","190,801","419,669",52.0%,45.5%
WA-09,Adam Smith,(D),"265,393","88,993","361,921",73.3%,24.6%
WA-10,Marilyn Strickland,(D),"216,800","157,058","385,791",56.2%,40.7%
WI-01,Bryan Steil,(R),"182,942","220,668","409,363",44.7%,53.9%
WI-02,Mark Pocan,(D),"323,807","136,439","466,777",69.4%,29.2%
WI-03,Ron Kind,(D),"184,306","202,659","393,809",46.8%,51.5%
WI-04,Gwen Moore,(D),"242,263","71,833","317,863",76.2%,22.6%
WI-05,Scott Fitzgerald,(R),"187,851","255,803","450,097",41.7%,56.8%
WI-06,Glenn Grothman,(R),"170,457","232,820","409,886",41.6%,56.8%
WI-07,Tom Tiffany,(R),"165,104","248,822","420,340",39.3%,59.2%
WI-08,Mike Gallagher,(R),"174,136","241,140","421,811",41.3%,57.2%
WV-01,David McKinley,(R),"81,849","183,904","270,510",30.3%,68.0%
WV-02,Alex Mooney,(R),"92,623","184,784","282,556",32.8%,65.4%
WV-03,Carol Miller,(R),"61,512","176,694","241,586",25.5%,73.1%
WY-AL,Liz Cheney,(R),"73,491","193,559","275,026",26.7%,70.4%